<?xml version="1.0" encoding="UTF-8" ?>
<!DOCTYPE mapper PUBLIC "-//mybatis.org//DTD Mapper 3.0//EN" "http://mybatis.org/dtd/mybatis-3-mapper.dtd" >
<mapper namespace="com.sve.lifeservice.dao.ExpressCompanyMapper" >
  <resultMap id="BaseResultMap" type="com.sve.lifeservice.model.ExpressCompany" >
    <id column="expgs_id" property="expgsId" jdbcType="INTEGER" />
    <result column="expgs_name" property="expgsName" jdbcType="VARCHAR" />
    <result column="expgs_tjiaperson" property="expgsTjiaperson" jdbcType="VARCHAR" />
    <result column="expgs_tjiadate" property="expgsTjiadate" jdbcType="TIMESTAMP" />
    <result column="expgs_couriers" property="expgsCouriers" jdbcType="INTEGER" />
  </resultMap>
  <sql id="Base_Column_List" >
    expgs_id, expgs_name, expgs_tjiaperson, expgs_tjiadate, expgs_couriers
  </sql>
  <select id="selectByPrimaryKey" resultMap="BaseResultMap" parameterType="java.lang.Integer" >
    select 
    <include refid="Base_Column_List" />
    from expresscompany
    where expgs_id = #{expgsId,jdbcType=INTEGER}
  </select>
  <delete id="deleteByPrimaryKey" parameterType="java.lang.Integer" >
    delete from expresscompany
    where expgs_id = #{expgsId,jdbcType=INTEGER}
  </delete>
  <insert id="insertSelective" parameterType="com.sve.lifeservice.model.ExpressCompany" >
    insert into expresscompany
    <trim prefix="(" suffix=")" suffixOverrides="," >
      <if test="expgsId != null" >
        expgs_id,
      </if>
      <if test="expgsName != null" >
        expgs_name,
      </if>
      <if test="expgsTjiaperson != null" >
        expgs_tjiaperson,
      </if>
      <if test="expgsTjiadate != null" >
        expgs_tjiadate,
      </if>
      <if test="expgsCouriers != null" >
        expgs_couriers,
      </if>
    </trim>
    <trim prefix="values (" suffix=")" suffixOverrides="," >
      <if test="expgsId != null" >
        #{expgsId,jdbcType=INTEGER},
      </if>
      <if test="expgsName != null" >
        #{expgsName,jdbcType=VARCHAR},
      </if>
      <if test="expgsTjiaperson != null" >
        #{expgsTjiaperson,jdbcType=VARCHAR},
      </if>
      <if test="expgsTjiadate != null" >
        #{expgsTjiadate,jdbcType=TIMESTAMP},
      </if>
      <if test="expgsCouriers != null" >
        #{expgs_couriers,jdbcType=INTEGER},
      </if>
    </trim>
  </insert>
  <update id="updateByPrimaryKeySelective" parameterType="com.sve.lifeservice.model.ExpressCompany" >
    update expresscompany
    <set >
      <if test="expgsName != null" >
        expgs_name = #{expgsName,jdbcType=VARCHAR},
      </if>
      <if test="expgsTjiaperson != null" >
        expgs_tjiaperson = #{expgsTjiaperson,jdbcType=VARCHAR},
      </if>
      <if test="expgsTjiadate != null" >
        expgs_tjiadate = #{expgsTjiadate,jdbcType=TIMESTAMP},
      </if>
      <if test="expgsCouriers != null" >
        #{expgs_couriers,jdbcType=INTEGER},
      </if>
    </set>
    where expgs_id = #{expgsId,jdbcType=INTEGER}
  </update>

  <!-- 查询全部 -->
  <select id="selectA" resultMap="BaseResultMap">
	select * from expresscompany order by expgs_id desc
  </select>
  <!-- 模糊查询 -->
  <select id="selectAll" parameterType="com.sve.lifeservice.model.ExpressCompany" resultMap="BaseResultMap">
	select * from expresscompany
	<trim prefix="WHERE" prefixOverrides="AND|OR">
		<if test="keywords != null and keywords != ''">
		and (expgs_name like concat('%',#{keywords},'%') or
			expgs_tjiaperson like concat('%',#{keywords},'%'))
		</if>
	</trim>
	order by expgs_id desc
  </select>
  <!-- 查询快递公司名称是否已存在 -->
  <select id="selectECname" parameterType="java.lang.String" resultType="java.lang.Integer">
	select count(*) from expresscompany where expgs_name=#{expgsName}
  </select>
  <!-- 根据快递公司编号查询快递员表是否有数据 -->
  <select id="delete_selectECompany" parameterType="java.lang.Integer" resultType="java.lang.Integer">
	select count(*) from courier where cou_expgs_id=#{expgsId}  
  </select>
  <!-- 查询全部快递公司(快递员人数不为0) -->
  <select id="selectECAll" resultMap="BaseResultMap">
	select * from expresscompany where expgs_couriers>0 order by expgs_id desc
  </select>
  <!-- 添加快递员的同时添加快递公司的快递员人数 -->
  <update id="updateEC" parameterType="java.lang.Integer">
	update expresscompany set expgs_couriers=expgs_couriers+1 where expgs_id=#{expgsId}  
  </update>
  <!-- 删除快递员的同时减掉快递公司的快递员人数 -->
  <update id="updateEC2" parameterType="java.lang.Integer">
  	update expresscompany set expgs_couriers=expgs_couriers-1 where expgs_id=#{expgsId}  
  </update>
</mapper>