<?xml version="1.0" encoding="UTF-8" ?>
<!DOCTYPE mapper PUBLIC "-//mybatis.org//DTD Mapper 3.0//EN" "http://mybatis.org/dtd/mybatis-3-mapper.dtd" >
<mapper namespace="com.sve.auto.dao.Sys_LogMapper" >
  <resultMap id="BaseResultMap" type="com.sve.auto.model.Sys_Log" >
    <id column="sys_id" property="sysId" jdbcType="INTEGER" />
    <result column="login_name" property="loginName" jdbcType="VARCHAR" />
    <result column="role_name" property="roleName" jdbcType="VARCHAR" />
    <result column="opt_content" property="optContent" jdbcType="VARCHAR" />
    <result column="client_ip" property="clientIp" jdbcType="VARCHAR" />
    <result column="create_at" property="createAt" jdbcType="TIMESTAMP" />
  </resultMap>
  <sql id="Base_Column_List" >
    sys_id, login_name, role_name, opt_content, client_ip, create_at
  </sql>
  <select id="selectByPrimaryKey" resultMap="BaseResultMap" parameterType="java.lang.Integer" >
    select 
    <include refid="Base_Column_List" />
    from sys_log
    where sys_id = #{sysId,jdbcType=INTEGER}
  </select>
  <delete id="deleteByPrimaryKey" parameterType="java.lang.Integer" >
    delete from sys_log
    where sys_id = #{sysId,jdbcType=INTEGER}
  </delete>
  <insert id="insertSelective" parameterType="com.sve.auto.model.Sys_Log" >
    insert into sys_log
    <trim prefix="(" suffix=")" suffixOverrides="," >
      <if test="sysId != null" >
        sys_id,
      </if>
      <if test="loginName != null" >
        login_name,
      </if>
      <if test="roleName != null" >
        role_name,
      </if>
      <if test="optContent != null" >
        opt_content,
      </if>
      <if test="clientIp != null" >
        client_ip,
      </if>
      <if test="createAt != null" >
        create_at,
      </if>
    </trim>
    <trim prefix="values (" suffix=")" suffixOverrides="," >
      <if test="sysId != null" >
        #{sysId,jdbcType=INTEGER},
      </if>
      <if test="loginName != null" >
        #{loginName,jdbcType=VARCHAR},
      </if>
      <if test="roleName != null" >
        #{roleName,jdbcType=VARCHAR},
      </if>
      <if test="optContent != null" >
        #{optContent,jdbcType=VARCHAR},
      </if>
      <if test="clientIp != null" >
        #{clientIp,jdbcType=VARCHAR},
      </if>
      <if test="createAt != null" >
        #{createAt,jdbcType=TIMESTAMP},
      </if>
    </trim>
  </insert>
  <update id="updateByPrimaryKeySelective" parameterType="com.sve.auto.model.Sys_Log" >
    update sys_log
    <set >
      <if test="loginName != null" >
        login_name = #{loginName,jdbcType=VARCHAR},
      </if>
      <if test="roleName != null" >
        role_name = #{roleName,jdbcType=VARCHAR},
      </if>
      <if test="optContent != null" >
        opt_content = #{optContent,jdbcType=VARCHAR},
      </if>
      <if test="clientIp != null" >
        client_ip = #{clientIp,jdbcType=VARCHAR},
      </if>
      <if test="createAt != null" >
        create_at = #{createAt,jdbcType=TIMESTAMP},
      </if>
    </set>
    where sys_id = #{sysId,jdbcType=INTEGER}
  </update>
</mapper>