<?xml version="1.0" encoding="UTF-8"?>  
<!DOCTYPE generatorConfiguration  
  PUBLIC "-//mybatis.org//DTD MyBatis Generator Configuration 1.0//EN"  
  "http://mybatis.org/dtd/mybatis-generator-config_1_0.dtd">  
<generatorConfiguration>  
<!-- 数据库驱动-->  
    <context id="SSM"  targetRuntime="MyBatis3">  
        <commentGenerator>  
            <property name="suppressDate" value="true"/>  
            <!-- 是否去除自动生成的注释 true：是 ： false:否 -->
            <property name="suppressAllComments" value="true"/>  
        </commentGenerator>  
        <!--数据库链接URL，用户名、密码 -->  
        <jdbcConnection driverClass="com.mysql.jdbc.Driver" connectionURL="jdbc:mysql://localhost:3306/wyht" userId="root" password="liaodashuai">  
        </jdbcConnection>  
        <!-- 默认false，把JDBC DECIMAL 和 NUMERIC 类型解析为 Integer，为 true时把JDBC DECIMAL 
			和 NUMERIC 类型解析为java.math.BigDecimal -->
        <javaTypeResolver>  
            <property name="forceBigDecimals" value="false"/>  
        </javaTypeResolver>  
        <!-- 生成模型的包名和位置-->   
        <javaModelGenerator targetPackage="com.sve.auto.model" targetProject="src">  
            <property name="enableSubPackages" value="true"/>  
            <!-- enableSubPackages:是否让schema作为包的后缀 -->
			<property name="enableSubPackages" value="false" />
			<!-- 从数据库返回的值被清理前后的空格 -->
			<property name="trimStrings" value="true" />
        </javaModelGenerator>  
         <!-- 生成映射文件的包名和位置-->    
        <sqlMapGenerator targetPackage="com.sve.auto.dao" targetProject="src">  
        <!-- enableSubPackages:是否让schema作为包的后缀 -->
            <property name="enableSubPackages" value="true"/>  
        </sqlMapGenerator>  
        <!-- 生成DAO的包名和位置-->  
        <javaClientGenerator type="XMLMAPPER" targetPackage="com.sve.auto.dao" targetProject="src">  
           <!-- enableSubPackages:是否让schema作为包的后缀 -->
            <property name="enableSubPackages" value="true"/>  
        </javaClientGenerator>  
        <!-- 要生成的表 tableName是数据库中的表名或视图名 domainObjectName是实体类名-->    
        <table tableName="user" domainObjectName="User" enableCountByExample="false" 
            enableUpdateByExample="false" enableDeleteByExample="false" enableSelectByExample="false" 
            selectByExampleQueryId="false"></table>
<!--          <table tableName="role" domainObjectName="Role" enableCountByExample="false"  -->
<!--             enableUpdateByExample="false" enableDeleteByExample="false" enableSelectByExample="false"  -->
<!--             selectByExampleQueryId="false"></table> -->
<!--           <table tableName="user_role" domainObjectName="User_Role" enableCountByExample="false"  -->
<!--             enableUpdateByExample="false" enableDeleteByExample="false" enableSelectByExample="false"  -->
<!--             selectByExampleQueryId="false"></table> -->
<!--            <table tableName="permission" domainObjectName="Permission" enableCountByExample="false"  -->
<!--             enableUpdateByExample="false" enableDeleteByExample="false" enableSelectByExample="false"  -->
<!--             selectByExampleQueryId="false"></table> -->
<!--             <table tableName="role_perm" domainObjectName="Role_Perm" enableCountByExample="false"  -->
<!--             enableUpdateByExample="false" enableDeleteByExample="false" enableSelectByExample="false"  -->
<!--             selectByExampleQueryId="false"></table> -->
<!--             <table tableName="menu" domainObjectName="Menu" enableCountByExample="false"  -->
<!--             enableUpdateByExample="false" enableDeleteByExample="false" enableSelectByExample="false"  -->
<!--             selectByExampleQueryId="false"></table> -->
<!--             <table tableName="sys_log" domainObjectName="Sys_Log" enableCountByExample="false"  -->
<!--             enableUpdateByExample="false" enableDeleteByExample="false" enableSelectByExample="false"  -->
<!--             selectByExampleQueryId="false"></table> -->
    </context>  
</generatorConfiguration>  