<?xml version="1.0" encoding="UTF-8" ?>
<!DOCTYPE mapper PUBLIC "-//mybatis.org//DTD Mapper 3.0//EN" "http://mybatis.org/dtd/mybatis-3-mapper.dtd" >
<mapper namespace="com.sve.toll.dao.FormulaMapper" >
  <resultMap id="BaseResultMap" type="com.sve.toll.model.Formula" >
    <id column="formulaid" property="formulaid" jdbcType="INTEGER" />
    <result column="formulanum" property="formulanum" jdbcType="INTEGER" />
    <result column="formulaname" property="formulaname" jdbcType="VARCHAR" />
    <result column="num1" property="num1" jdbcType="DECIMAL" />
    <result column="num2" property="num2" jdbcType="DECIMAL" />
    <result column="num3" property="num3" jdbcType="DECIMAL" />
    <result column="num4" property="num4" jdbcType="DECIMAL" />
    <result column="num5" property="num5" jdbcType="DECIMAL" />
    <result column="num6" property="num6" jdbcType="DECIMAL" />
    <result column="num7" property="num7" jdbcType="DECIMAL" />
    <result column="num8" property="num8" jdbcType="DECIMAL" />
    <result column="num9" property="num9" jdbcType="DECIMAL" />
    <result column="remark" property="remark" jdbcType="VARCHAR" />
  </resultMap>
  
  <sql id="Base_Column_List" >
    formulaid, formulanum, formulaname, num1, num2, num3, num4, num5, num6, num7, num8, 
    num9, remark
  </sql>
  <select id="selectAll" resultMap="BaseResultMap" >
      select <include refid="Base_Column_List"/> from formula
  </select>
   <select id="selectGaoJiAll" parameterType="com.sve.toll.model.Formula" resultMap="BaseResultMap" >
      select <include refid="Base_Column_List"/> from formula
	<trim prefix="WHERE" prefixOverrides="AND|OR">
	    <if test="keyword!=null and keyword!=''">
	        (formulaname LIKE CONCAT('%',CONCAT(#{keyword},'%')) or remark Like 
	        CONCAT('%',CONCAT(#{keyword},'%')))
	    </if>
	</trim>
	order by formulaid desc
  </select>
  <select id="selectByPrimaryKey" resultMap="BaseResultMap" parameterType="java.lang.Integer" >
    select 
    <include refid="Base_Column_List" />
    from formula
    where formulaid = #{formulaid,jdbcType=INTEGER}
  </select>
  <delete id="deleteByPrimaryKey" parameterType="java.lang.Integer" >
    delete from formula
    where formulaid = #{formulaid,jdbcType=INTEGER}
  </delete>
  <insert id="insert" parameterType="com.sve.toll.model.Formula" >
    insert into formula (formulaid, formulanum, formulaname, 
      num1, num2, num3, num4, 
      num5, num6, num7, num8, 
      num9, remark)
    values (#{formulaid,jdbcType=INTEGER}, #{formulanum,jdbcType=INTEGER}, #{formulaname,jdbcType=VARCHAR}, 
      #{num1,jdbcType=DECIMAL}, #{num2,jdbcType=DECIMAL}, #{num3,jdbcType=DECIMAL}, #{num4,jdbcType=DECIMAL}, 
      #{num5,jdbcType=DECIMAL}, #{num6,jdbcType=DECIMAL}, #{num7,jdbcType=DECIMAL}, #{num8,jdbcType=DECIMAL}, 
      #{num9,jdbcType=DECIMAL}, #{remark,jdbcType=VARCHAR})
  </insert>
  <insert id="insertSelective" parameterType="com.sve.toll.model.Formula" >
    insert into formula
    <trim prefix="(" suffix=")" suffixOverrides="," >
      <if test="formulaid != null" >
        formulaid,
      </if>
      <if test="formulanum != null" >
        formulanum,
      </if>
      <if test="formulaname != null" >
        formulaname,
      </if>
      <if test="num1 != null" >
        num1,
      </if>
      <if test="num2 != null" >
        num2,
      </if>
      <if test="num3 != null" >
        num3,
      </if>
      <if test="num4 != null" >
        num4,
      </if>
      <if test="num5 != null" >
        num5,
      </if>
      <if test="num6 != null" >
        num6,
      </if>
      <if test="num7 != null" >
        num7,
      </if>
      <if test="num8 != null" >
        num8,
      </if>
      <if test="num9 != null" >
        num9,
      </if>
      <if test="remark != null" >
        remark,
      </if>
    </trim>
    <trim prefix="values (" suffix=")" suffixOverrides="," >
      <if test="formulaid != null" >
        #{formulaid,jdbcType=INTEGER},
      </if>
      <if test="formulanum != null" >
        #{formulanum,jdbcType=INTEGER},
      </if>
      <if test="formulaname != null" >
        #{formulaname,jdbcType=VARCHAR},
      </if>
      <if test="num1 != null" >
        #{num1,jdbcType=DECIMAL},
      </if>
      <if test="num2 != null" >
        #{num2,jdbcType=DECIMAL},
      </if>
      <if test="num3 != null" >
        #{num3,jdbcType=DECIMAL},
      </if>
      <if test="num4 != null" >
        #{num4,jdbcType=DECIMAL},
      </if>
      <if test="num5 != null" >
        #{num5,jdbcType=DECIMAL},
      </if>
      <if test="num6 != null" >
        #{num6,jdbcType=DECIMAL},
      </if>
      <if test="num7 != null" >
        #{num7,jdbcType=DECIMAL},
      </if>
      <if test="num8 != null" >
        #{num8,jdbcType=DECIMAL},
      </if>
      <if test="num9 != null" >
        #{num9,jdbcType=DECIMAL},
      </if>
      <if test="remark != null" >
        #{remark,jdbcType=VARCHAR},
      </if>
    </trim>
  </insert>
  <update id="updateByPrimaryKeySelective" parameterType="com.sve.toll.model.Formula" >
    update formula
    <set >
      <if test="formulanum != null" >
        formulanum = #{formulanum,jdbcType=INTEGER},
      </if>
      <if test="formulaname != null" >
        formulaname = #{formulaname,jdbcType=VARCHAR},
      </if>
      <if test="num1 != null" >
        num1 = #{num1,jdbcType=DECIMAL},
      </if>
      <if test="num2 != null" >
        num2 = #{num2,jdbcType=DECIMAL},
      </if>
      <if test="num3 != null" >
        num3 = #{num3,jdbcType=DECIMAL},
      </if>
      <if test="num4 != null" >
        num4 = #{num4,jdbcType=DECIMAL},
      </if>
      <if test="num5 != null" >
        num5 = #{num5,jdbcType=DECIMAL},
      </if>
      <if test="num6 != null" >
        num6 = #{num6,jdbcType=DECIMAL},
      </if>
      <if test="num7 != null" >
        num7 = #{num7,jdbcType=DECIMAL},
      </if>
      <if test="num8 != null" >
        num8 = #{num8,jdbcType=DECIMAL},
      </if>
      <if test="num9 != null" >
        num9 = #{num9,jdbcType=DECIMAL},
      </if>
      <if test="remark != null" >
        remark = #{remark,jdbcType=VARCHAR},
      </if>
    </set>
    where formulaid = #{formulaid,jdbcType=INTEGER}
  </update>
  <update id="updateByPrimaryKey" parameterType="com.sve.toll.model.Formula" >
    update formula
    set formulanum = #{formulanum,jdbcType=INTEGER},
      formulaname = #{formulaname,jdbcType=VARCHAR},
      num1 = #{num1,jdbcType=DECIMAL},
      num2 = #{num2,jdbcType=DECIMAL},
      num3 = #{num3,jdbcType=DECIMAL},
      num4 = #{num4,jdbcType=DECIMAL},
      num5 = #{num5,jdbcType=DECIMAL},
      num6 = #{num6,jdbcType=DECIMAL},
      num7 = #{num7,jdbcType=DECIMAL},
      num8 = #{num8,jdbcType=DECIMAL},
      num9 = #{num9,jdbcType=DECIMAL},
      remark = #{remark,jdbcType=VARCHAR}
    where formulaid = #{formulaid,jdbcType=INTEGER}
  </update>
  
  <!-- 查询公式名是否已存在 -->
  <select id="selectFormulaname" parameterType="java.lang.String" resultType="java.lang.Integer">
  	select count(*) from formula where formulaname=#{formulaname}
  </select>
  <!-- 排除本身查询公式名是否已存在 -->
  <select id="selectFormulaName" parameterType="com.sve.toll.model.Formula" resultType="java.lang.Integer">
  	select count(*) from formula where formulaname=#{formulaname} and <![CDATA[formulaid<>#{formulaid}]]>
  </select>
</mapper>