<?xml version="1.0" encoding="UTF-8" ?>
<!DOCTYPE mapper PUBLIC "-//mybatis.org//DTD Mapper 3.0//EN" "http://mybatis.org/dtd/mybatis-3-mapper.dtd" >
<mapper namespace="com.sve.datacenter.dao.DistrictMapper" >
  <resultMap id="BaseResultMap" type="com.sve.datacenter.model.District" >
    <id column="disid" property="disid" jdbcType="INTEGER" />
    <result column="dname" property="dname" jdbcType="VARCHAR" />
    <result column="prov" property="prov" jdbcType="VARCHAR" />
    <result column="city" property="city" jdbcType="VARCHAR" />
    <result column="dist" property="dist" jdbcType="VARCHAR" />
    <result column="address" property="address" jdbcType="VARCHAR" />
    <result column="customerp" property="customerp" jdbcType="VARCHAR" />
    <result column="fperson" property="fperson" jdbcType="VARCHAR" />
    <result column="fphone" property="fphone" jdbcType="VARCHAR" />
    <result column="logo" property="logo" jdbcType="VARCHAR" />
    <result column="description" property="description" jdbcType="VARCHAR" />
    <result column="zarea" property="zarea" jdbcType="DECIMAL" />
    <result column="jarea" property="jarea" jdbcType="DECIMAL" />
    <result column="garea" property="garea" jdbcType="DECIMAL" />
    <result column="larea" property="larea" jdbcType="DECIMAL" />
    <result column="carea" property="carea" jdbcType="DECIMAL" />
    <result column="housecount" property="housecount" jdbcType="INTEGER" />
    <result column="carcount" property="carcount" jdbcType="INTEGER" />
    <result column="STATUS" property="status" jdbcType="INTEGER" />
    <result column="remark" property="remark" jdbcType="VARCHAR" />
  </resultMap>
  <resultMap id="bufenMap" type="com.sve.datacenter.model.District">
		<id column="disid" property="disid" jdbcType="INTEGER" />
		<result column="dname" property="dname" jdbcType="VARCHAR" />
		<result column="address" property="address" jdbcType="VARCHAR" />
	</resultMap>
	
  <sql id="Base_Column_List" >
    disid, dname, prov, city, dist, address, customerp, fperson, fphone, logo, description, 
    zarea, jarea, garea, larea, carea, housecount, carcount, STATUS, remark
  </sql>
  
  <select id="selectYiAll" resultMap="BaseResultMap">
		select <include refid="Base_Column_List" /> from district
	</select>
	<select id="selectFandid" resultMap="bufenMap" parameterType="java.lang.Integer">
		select disid,dname,address from district where disid=#{disid}
	</select>
  <select id="selectByPrimaryKey" resultMap="BaseResultMap" parameterType="java.lang.Integer" >
    select 
    <include refid="Base_Column_List" />
    from district
    where disid = #{disid,jdbcType=INTEGER}
  </select>
  <delete id="deleteByPrimaryKey" parameterType="java.lang.Integer" >
    delete from district
    where disid = #{disid,jdbcType=INTEGER}
  </delete>
  <insert id="insertSelective" parameterType="com.sve.datacenter.model.District" >
    insert into district
    <trim prefix="(" suffix=")" suffixOverrides="," >
      <if test="dname != null" >
        dname,
      </if>
      <if test="prov != null" >
        prov,
      </if>
      <if test="city != null" >
        city,
      </if>
      <if test="dist != null" >
        dist,
      </if>
      <if test="address != null" >
        address,
      </if>
      <if test="customerp != null" >
        customerp,
      </if>
      <if test="fperson != null" >
        fperson,
      </if>
      <if test="fphone != null" >
        fphone,
      </if>
      <if test="logo != null" >
        logo,
      </if>
      <if test="description != null" >
        description,
      </if>
      <if test="zarea != null" >
        zarea,
      </if>
      <if test="jarea != null" >
        jarea,
      </if>
      <if test="garea != null" >
        garea,
      </if>
      <if test="larea != null" >
        larea,
      </if>
      <if test="carea != null" >
        carea,
      </if>
      <if test="housecount != null" >
        housecount,
      </if>
      <if test="carcount != null" >
        carcount,
      </if>
      <if test="status != null" >
        STATUS,
      </if>
      <if test="remark != null" >
        remark,
      </if>
    </trim>
    <trim prefix="values (" suffix=")" suffixOverrides="," >
      <if test="dname != null" >
        #{dname,jdbcType=VARCHAR},
      </if>
      <if test="prov != null" >
        #{prov,jdbcType=VARCHAR},
      </if>
      <if test="city != null" >
        #{city,jdbcType=VARCHAR},
      </if>
      <if test="dist != null" >
        #{dist,jdbcType=VARCHAR},
      </if>
      <if test="address != null" >
        #{address,jdbcType=VARCHAR},
      </if>
      <if test="customerp != null" >
        #{customerp,jdbcType=VARCHAR},
      </if>
      <if test="fperson != null" >
        #{fperson,jdbcType=VARCHAR},
      </if>
      <if test="fphone != null" >
        #{fphone,jdbcType=VARCHAR},
      </if>
      <if test="logo != null" >
        #{logo,jdbcType=VARCHAR},
      </if>
      <if test="description != null" >
        #{description,jdbcType=VARCHAR},
      </if>
      <if test="zarea != null" >
        #{zarea,jdbcType=DECIMAL},
      </if>
      <if test="jarea != null" >
        #{jarea,jdbcType=DECIMAL},
      </if>
      <if test="garea != null" >
        #{garea,jdbcType=DECIMAL},
      </if>
      <if test="larea != null" >
        #{larea,jdbcType=DECIMAL},
      </if>
      <if test="carea != null" >
        #{carea,jdbcType=DECIMAL},
      </if>
      <if test="housecount != null" >
        #{housecount,jdbcType=INTEGER},
      </if>
      <if test="carcount != null" >
        #{carcount,jdbcType=INTEGER},
      </if>
      <if test="status != null" >
        #{status,jdbcType=INTEGER},
      </if>
      <if test="remark != null" >
        #{remark,jdbcType=VARCHAR},
      </if>
    </trim>
  </insert>
  <update id="updateByPrimaryKeySelective" parameterType="com.sve.datacenter.model.District" >
    update district
    <set >
      <if test="dname != null" >
        dname = #{dname,jdbcType=VARCHAR},
      </if>
      <if test="prov != null" >
        prov = #{prov,jdbcType=VARCHAR},
      </if>
      <if test="city != null" >
        city = #{city,jdbcType=VARCHAR},
      </if>
      <if test="dist != null" >
        dist = #{dist,jdbcType=VARCHAR},
      </if>
      <if test="address != null" >
        address = #{address,jdbcType=VARCHAR},
      </if>
      <if test="customerp != null" >
        customerp = #{customerp,jdbcType=VARCHAR},
      </if>
      <if test="fperson != null" >
        fperson = #{fperson,jdbcType=VARCHAR},
      </if>
      <if test="fphone != null" >
        fphone = #{fphone,jdbcType=VARCHAR},
      </if>
      <if test="logo != null" >
        logo = #{logo,jdbcType=VARCHAR},
      </if>
      <if test="description != null" >
        description = #{description,jdbcType=VARCHAR},
      </if>
      <if test="zarea != null" >
        zarea = #{zarea,jdbcType=DECIMAL},
      </if>
      <if test="jarea != null" >
        jarea = #{jarea,jdbcType=DECIMAL},
      </if>
      <if test="garea != null" >
        garea = #{garea,jdbcType=DECIMAL},
      </if>
      <if test="larea != null" >
        larea = #{larea,jdbcType=DECIMAL},
      </if>
      <if test="carea != null" >
        carea = #{carea,jdbcType=DECIMAL},
      </if>
      <if test="housecount != null" >
        housecount = #{housecount,jdbcType=INTEGER},
      </if>
      <if test="carcount != null" >
        carcount = #{carcount,jdbcType=INTEGER},
      </if>
      <if test="status != null" >
        STATUS = #{status,jdbcType=INTEGER},
      </if>
      <if test="remark != null" >
        remark = #{remark,jdbcType=VARCHAR},
      </if>
    </set>
    where disid = #{disid,jdbcType=INTEGER}
  </update>
  <select id="selectAll" parameterType="com.sve.datacenter.model.District" resultMap="BaseResultMap">
  select <include refid="Base_Column_List" /> from district
  <trim prefix="WHERE" prefixOverrides="AND|OR ">
  	<if test="dname != null">
  	and dname like CONCAT(CONCAT('%',#{dname}),'%')
  	</if>
  </trim>
  order by disid desc
  </select>
  <update id="update_status" parameterType="com.sve.datacenter.model.District">
  update district set status=#{status} where disid=#{disid}
  </update>
  <select id="selectdname" parameterType="java.lang.String" resultType="java.lang.Integer">
  select count(*) from district where dname=#{dname}
  </select>
  <!-- 已添加的小区 -->
  <select id="disCount" resultType="java.lang.Integer">
  SELECT COUNT(*) FROM district WHERE STATUS=0
  </select>
</mapper>