<?xml version="1.0" encoding="UTF-8" ?>
<!DOCTYPE mapper PUBLIC "-//mybatis.org//DTD Mapper 3.0//EN" "http://mybatis.org/dtd/mybatis-3-mapper.dtd" >
<mapper namespace="com.sve.datacenter.dao.HouseLouMapper" >
  <resultMap id="BaseResultMap" type="com.sve.datacenter.model.HouseLou" >
    <id column="hlid" property="hlid" jdbcType="INTEGER" />
    <result column="disid" property="disid" jdbcType="INTEGER" />
    <result column="floorname" property="floorname" jdbcType="VARCHAR" />
    <result column="units" property="units" jdbcType="INTEGER" />
    <result column="cengcount" property="cengcount" jdbcType="INTEGER" />
    <result column="floortype" property="floortype" jdbcType="VARCHAR" />
    <result column="structure" property="structure" jdbcType="VARCHAR" />
    <result column="orientation" property="orientation" jdbcType="VARCHAR" />
    <result column="remark" property="remark" jdbcType="VARCHAR" />
    <result column="STATUS" property="status" jdbcType="INTEGER" />
    <association property="dis" column="disid" select="getDis">
			<id column="disid" property="disid" jdbcType="INTEGER"/>
			<result column="dname" property="dname" jdbcType="VARCHAR"/>
			<result column="prov" property="prov" jdbcType="VARCHAR"/>
			<result column="city" property="city" jdbcType="VARCHAR"/>
			<result column="dist" property="dist" jdbcType="VARCHAR"/>
			<result column="address" property="address" jdbcType="VARCHAR"/>
			<result column="customerp" property="customerp" jdbcType="VARCHAR"/>
			<result column="fperson" property="fperson" jdbcType="VARCHAR"/>
			<result column="fphone" property="fphone" jdbcType="VARCHAR"/>
			<result column="logo" property="logo" jdbcType="VARCHAR"/>
			<result column="description" property="description" jdbcType="VARCHAR"/>
			<result column="zarea" property="zarea" jdbcType="DECIMAL"/>
			<result column="jarea" property="jarea" jdbcType="DECIMAL"/>
			<result column="garea" property="garea" jdbcType="DECIMAL"/>
			<result column="larea" property="larea" jdbcType="DECIMAL"/>
			<result column="carea" property="carea" jdbcType="DECIMAL"/>
			<result column="housecount" property="housecount" jdbcType="INTEGER"/>
			<result column="carcount" property="carcount" jdbcType="INTEGER"/>
			<result column="status" property="status" jdbcType="INTEGER"/>
			<result column="remark" property="remark" jdbcType="VARCHAR"/>
		</association>
  </resultMap>
  <resultMap type="com.sve.datacenter.model.HouseLou" id="bufenMap">
		<id column="hlid" property="hlid" jdbcType="INTEGER" />
		<result column="disid" property="disid" jdbcType="INTEGER" />
		<result column="floorname" property="floorname" jdbcType="VARCHAR" />
	</resultMap>
	
  <sql id="Base_Column_List" >
    hlid, disid, floorname, units, cengcount, floortype, structure, orientation, remark, 
    STATUS
  </sql>
  <select id="selectByPrimaryKey" resultMap="BaseResultMap" parameterType="java.lang.Integer" >
    select 
    <include refid="Base_Column_List" />
    from houselou
    where hlid = #{hlid,jdbcType=INTEGER}
  </select>
  <delete id="deleteByPrimaryKey" parameterType="java.lang.Integer" >
    delete from houselou
    where hlid = #{hlid,jdbcType=INTEGER}
  </delete>
  <insert id="insertSelective" parameterType="com.sve.datacenter.model.HouseLou" useGeneratedKeys="true" keyProperty="hlid">
    insert into houselou
    <trim prefix="(" suffix=")" suffixOverrides="," >
      <if test="hlid != null" >
        hlid,
      </if>
      <if test="disid != null" >
        disid,
      </if>
      <if test="floorname != null" >
        floorname,
      </if>
      <if test="units != null" >
        units,
      </if>
      <if test="cengcount != null" >
        cengcount,
      </if>
      <if test="floortype != null" >
        floortype,
      </if>
      <if test="structure != null" >
        structure,
      </if>
      <if test="orientation != null" >
        orientation,
      </if>
      <if test="remark != null" >
        remark,
      </if>
      <if test="status != null" >
        STATUS,
      </if>
    </trim>
    <trim prefix="values (" suffix=")" suffixOverrides="," >
      <if test="hlid != null" >
        #{hlid,jdbcType=INTEGER},
      </if>
      <if test="disid != null" >
        #{disid,jdbcType=INTEGER},
      </if>
      <if test="floorname != null" >
        #{floorname,jdbcType=VARCHAR},
      </if>
      <if test="units != null" >
        #{units,jdbcType=INTEGER},
      </if>
      <if test="cengcount != null" >
        #{cengcount,jdbcType=INTEGER},
      </if>
      <if test="floortype != null" >
        #{floortype,jdbcType=VARCHAR},
      </if>
      <if test="structure != null" >
        #{structure,jdbcType=VARCHAR},
      </if>
      <if test="orientation != null" >
        #{orientation,jdbcType=VARCHAR},
      </if>
      <if test="remark != null" >
        #{remark,jdbcType=VARCHAR},
      </if>
      <if test="status != null" >
        #{status,jdbcType=INTEGER},
      </if>
    </trim>
  </insert>
  <update id="updateByPrimaryKeySelective" parameterType="com.sve.datacenter.model.HouseLou" >
    update houselou
    <set >
      <if test="disid != null" >
        disid = #{disid,jdbcType=INTEGER},
      </if>
      <if test="floorname != null" >
        floorname = #{floorname,jdbcType=VARCHAR},
      </if>
      <if test="units != null" >
        units = #{units,jdbcType=INTEGER},
      </if>
      <if test="cengcount != null" >
        cengcount = #{cengcount,jdbcType=INTEGER},
      </if>
      <if test="floortype != null" >
        floortype = #{floortype,jdbcType=VARCHAR},
      </if>
      <if test="structure != null" >
        structure = #{structure,jdbcType=VARCHAR},
      </if>
      <if test="orientation != null" >
        orientation = #{orientation,jdbcType=VARCHAR},
      </if>
      <if test="remark != null" >
        remark = #{remark,jdbcType=VARCHAR},
      </if>
      <if test="status != null" >
        STATUS = #{status,jdbcType=INTEGER},
      </if>
    </set>
    where hlid = #{hlid,jdbcType=INTEGER}
  </update>
  
  <select id="selectFandid" resultMap="bufenMap" parameterType="java.lang.Integer">
	    select hlid,disid,floorname from houselou where hlid=#{hlid}
	</select>
	<select id="selectDisid" resultMap="BaseResultMap"
		parameterType="java.lang.Integer">
		select
		<include refid="Base_Column_List" />
		from houselou where disid=#{disid}
	</select>
	
	<select id="getDis" parameterType="java.lang.Integer" resultType="com.sve.datacenter.model.District">
	select * from district where disid=#{disid}
	</select>
  
    <select id="selectA" resultMap="BaseResultMap">
  		select * from houselou hl inner join district di on hl.disid=di.disid where di.status=0 order by hl.hlid desc
    </select>
	
	<select id="selectAll" parameterType="com.sve.datacenter.model.HouseLou" resultMap="BaseResultMap">
		select hl.* from houselou hl inner join district di on hl.disid=di.disid
		<trim prefix="WHERE" prefixOverrides="AND|OR ">
			di.status=0
			<if test="floorname != null and floorname != ''">
				and hl.floorname like '%${floorname}%'
			</if>
			<if test="disid != 0 and disid != null">
				and hl.disid=#{disid}
			</if>
		</trim>
		order by hl.hlid desc
	</select>
	
	<select id="selectByDis" parameterType="java.lang.Integer" resultMap="com.sve.datacenter.dao.DistrictMapper.BaseResultMap">
		select * from district where status=#{status}
	</select>
    
    <select id="selectly" parameterType="java.lang.Integer" resultMap="BaseResultMap">
  		select * from houselou where disid=#{disid}
    </select>
    <!-- 根据小区id和楼宇id查询单元表-->
    <select id="selectut" parameterType="com.sve.datacenter.model.Unit" resultMap="com.sve.datacenter.dao.UnitMapper.BaseResultMap">
  		select * from unit where hlid=#{hlid} and disid=#{disid}
    </select>
	<!-- 根据小区id和楼宇id查询房屋表 -->
    <select id="selecthf" parameterType="com.sve.datacenter.model.HouseFan" resultMap="com.sve.datacenter.dao.HouseFanMapper.BaseResultMap">
    	select * from housefan where disid=#{disid} and hlid=#{hlid}
    </select>
    <!-- 根据楼宇id查询房屋表是否有数据 -->
    <select id="delete_selecthouse" parameterType="java.lang.Integer" resultType="java.lang.Integer">
    	select count(*) from housefan where hlid=#{hlid}
    </select>
    <!-- 根据楼宇id删除单元表 -->
	<delete id="delete_unit" parameterType="java.lang.Integer">
		delete from unit where hlid=#{hlid}
	</delete>
	<!-- 根据所添加楼宇的单元数量添加单元 -->
	<insert id="insert_unit" parameterType="com.sve.datacenter.model.Unit">
		insert into unit (unitname,disid,hlid) values (#{unitname},#{disid},#{hlid})
	</insert>
	<!-- 查询楼宇名称是否已存在 -->
	<select id="selecthfname" parameterType="java.lang.String" resultType="java.lang.Integer">
		select count(*) from houselou where floorname=#{floorname}
	</select>
	<!-- 楼宇总数 -->
	<select id="louyuCount" resultType="java.lang.Integer">
	SELECT COUNT(*) FROM houselou 
	</select>
</mapper>