<?xml version="1.0" encoding="UTF-8" ?>
<!DOCTYPE mapper PUBLIC "-//mybatis.org//DTD Mapper 3.0//EN" "http://mybatis.org/dtd/mybatis-3-mapper.dtd" >
<mapper namespace="com.sve.staff.dao.CmptypeMapper" >
  <resultMap id="BaseResultMap" type="com.sve.staff.model.Cmptype" >
    <id column="cmptype_id" property="cmptypeId" jdbcType="INTEGER" />
    <result column="cmptype_name" property="cmptypeName" jdbcType="VARCHAR" />
    <result column="cmptype_remark" property="cmptypeRemark" jdbcType="VARCHAR" />
  </resultMap>
  <sql id="Base_Column_List" >
    cmptype_id, cmptype_name, cmptype_remark
  </sql>
  <select id="selectAll" resultMap="BaseResultMap">
  	select * from cmptype order by cmptype_id desc
  </select>
  <select id="selectByPrimaryKey" resultMap="BaseResultMap" parameterType="java.lang.Integer" >
    select 
    <include refid="Base_Column_List" />
    from cmptype
    where cmptype_id = #{cmptypeId,jdbcType=INTEGER}
  </select>
  <delete id="deleteByPrimaryKey" parameterType="java.lang.Integer" >
    delete from cmptype
    where cmptype_id = #{cmptypeId,jdbcType=INTEGER}
  </delete>
  <insert id="insert" parameterType="com.sve.staff.model.Cmptype" >
    insert into cmptype (cmptype_id, cmptype_name, cmptype_remark
      )
    values (#{cmptypeId,jdbcType=INTEGER}, #{cmptypeName,jdbcType=VARCHAR}, #{cmptypeRemark,jdbcType=VARCHAR}
      )
  </insert>
  <insert id="insertSelective" parameterType="com.sve.staff.model.Cmptype" >
    insert into cmptype
    <trim prefix="(" suffix=")" suffixOverrides="," >
      <if test="cmptypeId != null" >
        cmptype_id,
      </if>
      <if test="cmptypeName != null" >
        cmptype_name,
      </if>
      <if test="cmptypeRemark != null" >
        cmptype_remark,
      </if>
    </trim>
    <trim prefix="values (" suffix=")" suffixOverrides="," >
      <if test="cmptypeId != null" >
        #{cmptypeId,jdbcType=INTEGER},
      </if>
      <if test="cmptypeName != null" >
        #{cmptypeName,jdbcType=VARCHAR},
      </if>
      <if test="cmptypeRemark != null" >
        #{cmptypeRemark,jdbcType=VARCHAR},
      </if>
    </trim>
  </insert>
  <update id="updateByPrimaryKeySelective" parameterType="com.sve.staff.model.Cmptype" >
    update cmptype
    <set >
      <if test="cmptypeName != null" >
        cmptype_name = #{cmptypeName,jdbcType=VARCHAR},
      </if>
      <if test="cmptypeRemark != null" >
        cmptype_remark = #{cmptypeRemark,jdbcType=VARCHAR},
      </if>
    </set>
    where cmptype_id = #{cmptypeId,jdbcType=INTEGER}
  </update>
  <update id="updateByPrimaryKey" parameterType="com.sve.staff.model.Cmptype" >
    update cmptype
    set cmptype_name = #{cmptypeName,jdbcType=VARCHAR},
      cmptype_remark = #{cmptypeRemark,jdbcType=VARCHAR}
    where cmptype_id = #{cmptypeId,jdbcType=INTEGER}
  </update>
</mapper>