<?xml version="1.0" encoding="UTF-8" ?>
<!DOCTYPE mapper PUBLIC "-//mybatis.org//DTD Mapper 3.0//EN" "http://mybatis.org/dtd/mybatis-3-mapper.dtd" >
<mapper namespace="com.sve.staff.dao.PostMapper" >
  <resultMap id="BaseResultMap" type="com.sve.staff.model.Post" >
    <id column="post_id" property="postId" jdbcType="INTEGER" />
    <result column="post_dep_id" property="postDepId" jdbcType="INTEGER" />
    <result column="post_name" property="postName" jdbcType="VARCHAR" />
    <result column="post_count" property="postCount" jdbcType="INTEGER" />
  </resultMap>
  <sql id="Base_Column_List" >
    post_id, post_dep_id, post_name, post_count
  </sql>
  <select id="SelectAll" resultMap="BaseResultMap" parameterType="java.lang.Integer">
  	select * from post where  post_dep_id = #{depId,jdbcType=INTEGER}
  </select>
  <select id="yanzheng" resultType="java.lang.Integer" parameterType="java.lang.String" > 
  		select count(*) from post where post_name=#{name}
  </select>
  <select id="selectPost" resultMap="BaseResultMap" parameterType="java.lang.Integer">
  	select * from post where  post_dep_id = #{depId,jdbcType=INTEGER}
  </select>
  <select id="selectDpostcount" resultType="java.lang.Integer"   parameterType="java.lang.Integer">
  	select count(*) from post where  post_dep_id = #{postId,jdbcType=INTEGER}
  </select>
  <select id="selectByPrimaryKey" resultMap="BaseResultMap" parameterType="java.lang.Integer" >
    select 
    <include refid="Base_Column_List" />
    from post
    where post_id = #{postId,jdbcType=INTEGER}
  </select>
  
  <delete id="deleteByPrimaryKey" parameterType="java.lang.Integer" >
    delete from post
    where post_id = #{postId,jdbcType=INTEGER}
  </delete>
  <insert id="insertSelective" parameterType="com.sve.staff.model.Post" >
    insert into post
    <trim prefix="(" suffix=")" suffixOverrides="," >
      <if test="postId != null" >
        post_id,
      </if>
      <if test="postDepId != null" >
        post_dep_id,
      </if>
      <if test="postName != null" >
        post_name,
      </if>
      <if test="postCount != null" >
        post_count,
      </if>
    </trim>
    <trim prefix="values (" suffix=")" suffixOverrides="," >
      <if test="postId != null" >
        #{postId,jdbcType=INTEGER},
      </if>
      <if test="postDepId != null" >
        #{postDepId,jdbcType=INTEGER},
      </if>
      <if test="postName != null" >
        #{postName,jdbcType=VARCHAR},
      </if>
      <if test="postCount != null" >
        #{postCount,jdbcType=INTEGER},
      </if>
    </trim>
  </insert>
  <update id="updateByPrimaryKeySelective" parameterType="com.sve.staff.model.Post" >
    update post
    <set >
      <if test="postDepId != null" >
        post_dep_id = #{postDepId,jdbcType=INTEGER},
      </if>
      <if test="postName != null" >
        post_name = #{postName,jdbcType=VARCHAR},
      </if>
      <if test="postCount != null" >
        post_count = #{postCount,jdbcType=INTEGER},
      </if>
    </set>
    where post_id = #{postId,jdbcType=INTEGER}
  </update>
</mapper>