<?xml version="1.0" encoding="UTF-8"?>
<!DOCTYPE mapper PUBLIC "-//mybatis.org//DTD Mapper 3.0//EN" "http://mybatis.org/dtd/mybatis-3-mapper.dtd">
<mapper namespace="com.sve.staff.dao.TasktypeMapper">
  <resultMap id="BaseResultMap" type="com.sve.staff.model.Tasktype">
    <id column="tasktype_id" jdbcType="INTEGER" property="tasktypeId" />
    <result column="tasktype_name" jdbcType="VARCHAR" property="tasktypeName" />
    <result column="tasktype_remark" jdbcType="VARCHAR" property="tasktypeRemark" />
  </resultMap>
  <sql id="Base_Column_List">
    tasktype_id, tasktype_name, tasktype_remark
  </sql>
  <select id="selectAll" resultMap="BaseResultMap">
  	select * from tasktype 
  </select>
  <select id="selectByPrimaryKey" parameterType="java.lang.Integer" resultMap="BaseResultMap">
    select 
    <include refid="Base_Column_List" />
    from tasktype
    where tasktype_id = #{tasktypeId,jdbcType=INTEGER}
  </select>
</mapper>